{
  "type": "minecraft:fishing",
  "pools": [
    {
      "rolls": 1,
      "bonus_rolls": 0,
      "entries": [
        {
          "type": "minecraft:item",
          "weight": 60,
          "name": "minecraft:cod",
          "functions": [
            {
              "function": "minecraft:set_name",
              "entity": "this",
              "name": "Dragon Cod"
            }
          ]
        },
        {
          "type": "minecraft:item",
          "weight": 25,
          "name": "minecraft:salmon",
          "functions": [
            {
              "function": "minecraft:set_name",
              "entity": "this",
              "name": "Voidskipper"
            }
          ]
        }
      ]
    }
  ],
  "random_sequence": "minecraft:gameplay/fishing/fish"
}
