{
  "type": "minecraft:fishing",
  "pools": [
    {
      "rolls": 1,
      "bonus_rolls": 0,
      "entries": [
        {
          "type": "minecraft:item",
		  "weight": 25,
          "name": "minecraft:name_tag"
        },
        {
          "type": "minecraft:item",
		  "weight": 15,
          "name": "minecraft:saddle"
        },
        {
          "type": "minecraft:item",
		  "weight": 45,
          "name": "minecraft:book",
          "functions": [
            {
              "function": "minecraft:enchant_with_levels",
              "levels": 30,
              "treasure": true
            }
          ]
        },
        {
          "type": "minecraft:item",
		  "weight": 5,
          "name": "minecraft:diamond"
        }
      ]
    }
  ],
  "random_sequence": "minecraft:gameplay/fishing/treasure"
}
