{
  "type": "minecraft:chest",
  "pools": [
    {
      "rolls": 1,
      "bonus_rolls": 0,
      "entries": [
        {
          "type": "minecraft:item",
          "weight": 60,
          "name": "minecraft:paper",
          "functions": [
            {
              "function": "minecraft:set_name",
              "entity": "this",
              "name": "Note"
            },
            {
              "function": "minecraft:set_lore",
              "entity": "this",
              "lore": [
                {
                  "text": "hi :3"
                }
              ]
            }
          ]
        },
        {
          "type": "minecraft:item",
          "weight": 25,
          "name": "minecraft:paper",
          "functions": [
            {
              "function": "minecraft:set_name",
              "entity": "this",
              "name": "Note"
            },
            {
              "function": "minecraft:set_lore",
              "entity": "this",
              "lore": [
                {
                  "text": "ender pearl + blaze powder"
                }
              ]
            }
          ]
        },
        {
          "type": "minecraft:item",
          "weight": 13,
          "name": "minecraft:paper",
          "functions": [
            {
              "function": "minecraft:set_name",
              "entity": "this",
              "name": "Note"
            },
            {
              "function": "minecraft:set_lore",
              "entity": "this",
              "lore": [
                {
                  "text": "tread lightly under mountain peaks"
                }
              ]
            }
          ]
        },
        {
          "type": "minecraft:item",
          "weight": 2,
          "name": "minecraft:paper",
          "functions": [
            {
              "function": "minecraft:set_name",
              "entity": "this",
              "name": "Note"
            },
            {
              "function": "minecraft:set_lore",
              "entity": "this",
              "lore": [
                {
                  "text": "twitch.tv/robinsplaza"
                }
              ]
            }
          ]
        }
      ]
    }
  ],
  "random_sequence": "minecraft:gameplay/fishing/fish"
}
