{
  "type": "minecraft:fishing",
  "pools": [
    {
      "rolls": 1,
      "bonus_rolls": 0,
      "entries": [
        {
          "type": "minecraft:loot_table",
          "weight": 20,
          "quality": -2,
          "name": "fishingfixes:end_junk"
        },
        {
          "type": "minecraft:loot_table",
          "weight": 20,
          "quality": 2,
          "name": "fishingfixes:end_treasure",
          "conditions": [
            {
              "condition": "minecraft:entity_properties",
              "entity": "this",
              "predicate": {
                "type_specific": {
                  "type": "fishing_hook",
                  "in_open_water": true
                }
              }
            }
          ]
        },
        {
          "type": "minecraft:loot_table",
          "weight": 60,
          "quality": -1,
          "name": "fishingfixes:end_fish"
        }
      ],
      "conditions": [
        {
          "condition": "minecraft:entity_properties",
          "entity": "this",
          "predicate": {
            "location": {
              "dimension": "minecraft:the_end"
            }
          }
        }
      ]
    },
    {
      "rolls": 1,
      "bonus_rolls": 0,
      "entries": [
        {
          "type": "minecraft:loot_table",
          "weight": 10,
          "quality": -2,
          "name": "minecraft:gameplay/fishing/junk"
        },
        {
          "type": "minecraft:loot_table",
          "weight": 5,
          "quality": 2,
          "name": "minecraft:gameplay/fishing/treasure",
          "conditions": [
            {
              "condition": "minecraft:entity_properties",
              "entity": "this",
              "predicate": {
                "type_specific": {
                  "type": "fishing_hook",
                  "in_open_water": true
                }
              }
            }
          ]
        },
        {
          "type": "minecraft:loot_table",
          "weight": 85,
          "quality": -1,
          "name": "minecraft:gameplay/fishing/fish"
        }
      ],
      "conditions": [
        {
          "condition": "minecraft:entity_properties",
          "entity": "this",
          "predicate": {
            "location": {
              "dimension": "minecraft:overworld"
            }
          }
        }
      ]
    }
  ],
  "random_sequence": "minecraft:gameplay/fishing"
}
